date,desc,language,new_stars,times_listed,total_start,trending_type,gh_archived,gh_created_at,gh_data_collected_at,gh_default_branch,gh_description,gh_fork,gh_forks_count,gh_full_name,gh_language,gh_name,gh_network_count,gh_open_issues_count,gh_owner_login,gh_owner_type,gh_size,gh_stargazers_count,gh_subscribers_count,gh_url,gh_watchers,gh_watchers_count
2018-06-01,KDD CUP 2018,Python,9,0,12,new_repo,False,1527844703,1550936870,master,KDD CUP 2018,False,33,12190143/KDD_CUP_2018,Python,KDD_CUP_2018,33.0,1,12190143,User,19156,78,8.0,https://api.github.com/repos/12190143/KDD_CUP_2018,78,78
2018-06-10,A quick and powerful plugin for your pull-to-refresh needs in your webapp.,JavaScript,95,6,2722,repeat_repo,False,1478218900,1550936985,master,A quick and powerful plugin for your pull-to-refresh needs in your webapp.,False,229,BoxFactura/pulltorefresh.js,JavaScript,pulltorefresh.js,229.0,0,BoxFactura,Organization,1951,3379,52.0,https://api.github.com/repos/BoxFactura/pulltorefresh.js,3379,3379
2018-06-05,Create your own R Archive Network,R,15,0,16,new_repo,False,1528184582,1550936936,master,Create your own R Archive Network,False,3,ColinFay/craneur,HTML,craneur,3.0,0,ColinFay,User,1326,30,4.0,https://api.github.com/repos/ColinFay/craneur,30,30
2018-06-01,RepositÃ³rio de cÃ³digo de demonstraÃ§Ãµes da Maratona Kubernetes ğŸ‡§ğŸ‡·,TypeScript,24,0,28,new_repo,False,1527860603,1550936863,master,RepositÃ³rio de cÃ³digo de demonstraÃ§Ãµes da Maratona Kubernetes ğŸ‡§ğŸ‡·,False,53,CommunityBootcamp/Maratona-Kubernetes,TypeScript,Maratona-Kubernetes,53.0,0,CommunityBootcamp,Organization,4704,123,20.0,https://api.github.com/repos/CommunityBootcamp/Maratona-Kubernetes,123,123
2018-06-11,A curated list of software and architecture related design patterns.,,1358,0,2217,repeat_repo,False,1528134468,1550936996,master,A curated list of software and architecture related design patterns.,False,565,DovAmir/awesome-design-patterns,,awesome-design-patterns,565.0,1,DovAmir,User,78,8849,419.0,https://api.github.com/repos/DovAmir/awesome-design-patterns,8849,8849
2018-06-10,Freely available programming books,,165,0,106587,repeat_repo,False,1381474237,1550936995,master,:books: Freely available programming books,False,29583,EbookFoundation/free-programming-books,,free-programming-books,29583.0,27,EbookFoundation,Organization,4607,117670,8038.0,https://api.github.com/repos/EbookFoundation/free-programming-books,117670,117670
2018-06-02,ğŸ¦” A Webpack plugin to inline your critical CSS and lazy-load the rest.,JavaScript,144,2,789,repeat_repo,False,1527703261,1550936858,master,ğŸ¦” A Webpack plugin to inline your critical CSS and lazy-load the rest.,False,50,GoogleChromeLabs/critters,JavaScript,critters,50.0,7,GoogleChromeLabs,Organization,201,2051,33.0,https://api.github.com/repos/GoogleChromeLabs/critters,2051,2051
2018-06-01,ğŸ“° Painless universal pre-rendering for Webpack.,JavaScript,346,2,1037,repeat_repo,False,1527703478,1550936879,master,ğŸ“° Painless universal pre-rendering for Webpack.,False,41,GoogleChromeLabs/prerender-loader,JavaScript,prerender-loader,41.0,9,GoogleChromeLabs,Organization,74,1727,20.0,https://api.github.com/repos/GoogleChromeLabs/prerender-loader,1727,1727
2018-06-11,é€è¡Œçº§åˆ«çš„æºç åˆ†æ,JavaScript,418,3,1014,repeat_repo,False,1503324722,1550936973,master,ğŸ“–é€è¡Œçº§åˆ«çš„æºç åˆ†æ,False,370,HcySunYang/vue-design,JavaScript,vue-design,370.0,21,HcySunYang,User,3037,3397,151.0,https://api.github.com/repos/HcySunYang/vue-design,3397,3397
2018-06-01,Symfony bundle to define variables and inject them into application parts,PHP,9,0,11,new_repo,False,1527848045,1550936868,master,Symfony bundle to define variables and inject them into application parts,False,10,HelisLT/settings-manager-bundle,PHP,settings-manager-bundle,10.0,8,HelisLT,Organization,237,15,5.0,https://api.github.com/repos/HelisLT/settings-manager-bundle,15,15
2018-06-11,High performance container overlay networks on Linux. Enabling RDMA and accelerating TCP to bare metal performance.,C,27,0,44,new_repo,False,1526597285,1550937014,master,High performance container overlay networks on Linux. Enabling RDMA (on both InfiniBand and RoCE) and accelerating TCP to bare metal performance. Freeflow requires zero modification on application code/binary.,False,22,Microsoft/Freeflow,C,Freeflow,22.0,5,Microsoft,Organization,1025,281,28.0,https://api.github.com/repos/Microsoft/Freeflow,281,281
2018-06-05,Visual Studio Code,TypeScript,315,16,51925,repeat_repo,False,1441311818,1550936918,master,Visual Studio Code,False,9294,Microsoft/vscode,TypeScript,vscode,9294.0,5156,Microsoft,Organization,187352,69696,2664.0,https://api.github.com/repos/Microsoft/vscode,69696,69696
2018-06-11,å¤šç«¯ç»Ÿä¸€å¼€å‘æ¡†æ¶ï¼Œæ”¯æŒç”¨ React çš„å¼€å‘æ–¹å¼ç¼–å†™ä¸€æ¬¡ä»£ç ï¼Œç”Ÿæˆèƒ½è¿è¡Œåœ¨å¾®ä¿¡å°ç¨‹åºã€H5ã€React Native ç­‰çš„åº”ç”¨ã€‚,JavaScript,541,5,2923,repeat_repo,False,1523179946,1550936955,master,å¤šç«¯ç»Ÿä¸€å¼€å‘æ¡†æ¶ï¼Œæ”¯æŒç”¨ React çš„å¼€å‘æ–¹å¼ç¼–å†™ä¸€æ¬¡ä»£ç ï¼Œç”Ÿæˆèƒ½è¿è¡Œåœ¨å¾®ä¿¡/ç™¾åº¦/æ”¯ä»˜å®/å­—èŠ‚è·³åŠ¨å°ç¨‹åºã€H5ã€React Native ç­‰çš„åº”ç”¨ã€‚  https://taro.js.org/,False,1493,NervJS/taro,JavaScript,taro,1493.0,395,NervJS,Organization,9042,14974,504.0,https://api.github.com/repos/NervJS/taro,14974,14974
2018-06-04,"Record, replay, and stub HTTP interactions.",JavaScript,8,0,9,new_repo,False,1527799184,1550936916,master,"Record, Replay, and Stub HTTP Interactions.",False,180,Netflix/pollyjs,JavaScript,pollyjs,180.0,5,Netflix,Organization,1999,7356,283.0,https://api.github.com/repos/Netflix/pollyjs,7356,7356
2018-06-03,"DUNE, REINVENTED",C,164,2,912,repeat_repo,False,1354538312,1550936888,master,"DUNE, REINVENTED",False,83,OpenDUNE/OpenDUNE,C,OpenDUNE,83.0,13,OpenDUNE,Organization,12949,1180,66.0,https://api.github.com/repos/OpenDUNE/OpenDUNE,1180,1180
2018-06-04,Clones all your repository to your local machine,Shell,13,0,14,new_repo,False,1528116680,1550936911,master,Clones all your repository to your local machine,False,5,RomaniukVadim/backup-my-github,Shell,backup-my-github,5.0,0,RomaniukVadim,User,7,28,1.0,https://api.github.com/repos/RomaniukVadim/backup-my-github,28,28
2018-06-08,Crystal regex tester,Crystal,12,0,13,new_repo,False,1528450523,1550936980,master,Crystal regex tester,False,1,Selleo/crystular,HTML,crystular,1.0,2,Selleo,Organization,30,26,8.0,https://api.github.com/repos/Selleo/crystular,26,26
2018-06-07,ARç›¸å†Œ,Objective-C,17,0,33,new_repo,False,1528365385,1550936962,master,ARç›¸å†Œ  Photo Album For AR ,False,70,SherlockQi/HeavenMemoirs,Swift,HeavenMemoirs,70.0,1,SherlockQi,User,107463,452,17.0,https://api.github.com/repos/SherlockQi/HeavenMemoirs,452,452
2018-06-11,"Flat, simple and hackable Color-Picker. No dependencies, no jQuery, compatible with all CSS Frameworks e.g. Bootstrap, Materialize.",JavaScript,277,0,414,first_time,False,1527449963,1550936992,master,"Flat, simple, responsive and hackable Color-Picker library. No dependencies, no jQuery. Compatible with all CSS Frameworks e.g. Bootstrap, Materialize. Supports alpha channel, rgba, hsla, hsva and more!",False,50,Simonwep/pickr,JavaScript,pickr,50.0,11,Simonwep,User,1816,1314,13.0,https://api.github.com/repos/Simonwep/pickr,1314,1314
2018-06-11,ä¸€å¥—é«˜è´¨é‡çš„å¾®ä¿¡å°ç¨‹åº UI ç»„ä»¶åº“,CSS,339,0,585,first_time,False,1526346149,1550937010,master,ä¸€å¥—é«˜è´¨é‡çš„å¾®ä¿¡å°ç¨‹åº UI ç»„ä»¶åº“,False,615,TalkingData/iview-weapp,CSS,iview-weapp,615.0,248,TalkingData,Organization,2613,3742,125.0,https://api.github.com/repos/TalkingData/iview-weapp,3742,3742
2018-06-07,Terraform for AWS EKS,HCL,17,0,25,new_repo,False,1528372359,1550936963,master,Terraform for AWS EKS,False,23,anmolnagpal/terraform-eks,HCL,terraform-eks,23.0,0,anmolnagpal,User,43,74,2.0,https://api.github.com/repos/anmolnagpal/terraform-eks,74,74
2018-06-04,"Another awesome list, this one featuring the best of our new landlord.",,13,0,16,new_repo,False,1528141416,1550936912,master,"Another awesome list, this one featuring the best of our new landlord.",False,0,anotherrandomdev/awesome-microsoft-memes,,awesome-microsoft-memes,0.0,0,anotherrandomdev,User,966,28,1.0,https://api.github.com/repos/anotherrandomdev/awesome-microsoft-memes,28,28
2018-06-08,A Graph Visualization Framework in JavaScript,JavaScript,242,3,1911,repeat_repo,False,1486980043,1550936942,master,A Graph Visualization Framework in JavaScript,False,295,antvis/g6,JavaScript,g6,295.0,41,antvis,Organization,2550,3677,146.0,https://api.github.com/repos/antvis/g6,3677,3677
2018-06-07,UIKit + macOS,Objective-C,62,0,72,new_repo,False,1528346369,1550936957,master,UIKit + macOS,False,7,biscuitehh/MarzipanPlatter,Objective-C,MarzipanPlatter,7.0,7,biscuitehh,User,14475,349,13.0,https://api.github.com/repos/biscuitehh/MarzipanPlatter,349,349
2018-06-05,"Simple, modern, opinionated JavaScript unit testing",JavaScript,22,0,24,new_repo,False,1528205077,1550936930,master,"Simple, modern, opinionated JavaScript unit testing",False,8,ccampbell/luna,JavaScript,luna,8.0,4,ccampbell,User,299,143,7.0,https://api.github.com/repos/ccampbell/luna,143,143
2018-06-08,"Nodejså­¦ä¹ ç¬”è®°ä»¥åŠç»éªŒæ€»ç»“ï¼Œå…¬ä¼—å·""ç¨‹åºçŒ¿å°å¡""",Ruby,288,3,3089,repeat_repo,False,1478183728,1550936940,master,"Nodejså­¦ä¹ ç¬”è®°ä»¥åŠç»éªŒæ€»ç»“ï¼Œå…¬ä¼—å·""ç¨‹åºçŒ¿å°å¡""",False,764,chyingp/nodejs-learning-guide,Ruby,nodejs-learning-guide,764.0,3,chyingp,User,1145,4458,248.0,https://api.github.com/repos/chyingp/nodejs-learning-guide,4458,4458
2018-06-07,Where can I use the `ng add` command?,,9,0,9,new_repo,False,1528337454,1550936966,master,Where can I use the `ng add` command?,False,0,codediodeio/can-i-use-ng-add,,can-i-use-ng-add,0.0,0,codediodeio,User,0,12,2.0,https://api.github.com/repos/codediodeio/can-i-use-ng-add,12,12
2018-06-08,littleboss: supervisor construction kit,Go,101,0,117,new_repo,False,1526306512,1550936975,master,littleboss: supervisor construction kit,False,9,crawshaw/littleboss,Go,littleboss,9.0,1,crawshaw,User,53,578,18.0,https://api.github.com/repos/crawshaw/littleboss,578,578
2018-06-11,ğŸ¤“ Build your own (insert technology here),,399,0,31537,repeat_repo,False,1525867398,1550936881,master,ğŸ¤“ Build your own (insert technology here),False,2792,danistefanovic/build-your-own-x,,build-your-own-x,2792.0,4,danistefanovic,User,759,42480,1738.0,https://api.github.com/repos/danistefanovic/build-your-own-x,42480,42480
2018-06-07,A Starry Game,,8,0,8,new_repo,False,1528355322,1550936969,master,A Starry Game,False,0,david-szabo97/github-guesser,JavaScript,github-guesser,0.0,0,david-szabo97,User,316,43,2.0,https://api.github.com/repos/david-szabo97/github-guesser,43,43
2018-06-09,Single Element Pattern,JavaScript,10,0,12,new_repo,False,1527813945,1550936988,master,Single Element Pattern,False,14,diegohaz/singel,JavaScript,singel,14.0,6,diegohaz,User,213,352,9.0,https://api.github.com/repos/diegohaz/singel,352,352
2018-06-06,React Fetches a new way to make requests into your REST API's.,JavaScript,88,0,106,new_repo,False,1527006020,1550936946,master,ğŸ™React Fetches a new way to make requests into your REST API's.,False,10,dleitee/react-fetches,JavaScript,react-fetches,10.0,17,dleitee,User,649,256,6.0,https://api.github.com/repos/dleitee/react-fetches,256,256
2018-06-05,Solidity Smart Contracts for the dYdX Margin Trading Protocol,JavaScript,15,0,20,new_repo,False,1500591528,1550936935,master,Solidity Smart Contracts for the dYdX Margin Trading Protocol,False,25,dydxprotocol/protocol,JavaScript,protocol,25.0,11,dydxprotocol,Organization,3440,130,13.0,https://api.github.com/repos/dydxprotocol/protocol,130,130
2018-06-09,A babel preset that produces smallest possible code.,JavaScript,9,0,12,new_repo,False,1528475050,1550936990,master,A babel preset that produces smallest possible code.,False,1,egoist/babel-preset-minimal,JavaScript,babel-preset-minimal,1.0,0,egoist,User,97,37,1.0,https://api.github.com/repos/egoist/babel-preset-minimal,37,37
2018-06-03,Markdown driven task runner.,JavaScript,107,4,1308,repeat_repo,False,1527745415,1550936877,master,Markdown driven task runner.,False,48,egoist/maid,JavaScript,maid,48.0,27,egoist,User,143,1925,31.0,https://api.github.com/repos/egoist/maid,1925,1925
2018-06-05,GUI for vue-cli UI.,JavaScript,43,0,55,new_repo,False,1528182580,1550936927,master,GUI for vue-cli UI.,False,15,egoist/vue-cli-gui,JavaScript,vue-cli-gui,15.0,3,egoist,User,578,153,5.0,https://api.github.com/repos/egoist/vue-cli-gui,153,153
2018-06-07,ğŸš€ The easiest way to get started with Electron,TypeScript,18,0,20,new_repo,False,1528368777,1550936961,master,:electron: ğŸš€ The easiest way to get started with Electron,False,87,electron/fiddle,TypeScript,fiddle,87.0,11,electron,Organization,8153,3183,140.0,https://api.github.com/repos/electron/fiddle,3183,3183
2018-06-06,Golang implementation of Pico face detection library.,Go,270,0,426,first_time,False,1526282343,1550936943,master,Golang implementation of Pico face detection library.,False,76,esimov/pigo,Go,pigo,76.0,3,esimov,User,414,1578,52.0,https://api.github.com/repos/esimov/pigo,1578,1578
2018-06-01,A high performance layer 4 load balancer,C++,199,2,1045,repeat_repo,False,1524865775,1550936882,master,A high performance layer 4 load balancer,False,197,facebookincubator/katran,C++,katran,197.0,2,facebookincubator,Organization,1225,1927,153.0,https://api.github.com/repos/facebookincubator/katran,1927,1927
2018-06-05,"Keep track of your ğŸ’µ, ğŸ•˜, ğŸ–, ğŸ„, ğŸ» on your command line",PureScript,27,0,54,new_repo,False,1490986514,1550936929,master,"Keep track of your ğŸ’µ, ğŸ•˜, ğŸ–, ğŸ„, ğŸ» on your command line",False,14,feramhq/transity,PureScript,transity,14.0,10,feramhq,Organization,677,391,17.0,https://api.github.com/repos/feramhq/transity,391,391
2018-06-05,Free and open-source admin dashboard template built with Bootstrap 4,HTML,201,0,238,first_time,False,1525954217,1550936921,master,ğŸ’¥Free and open-source admin dashboard template built with Bootstrap 4 ğŸ’¥,False,102,flatlogic/sing-app,HTML,sing-app,102.0,0,flatlogic,Organization,14147,874,30.0,https://api.github.com/repos/flatlogic/sing-app,874,874
2018-06-04,Clones all your repositories to local machine,Shell,18,0,20,new_repo,False,1528104685,1550936910,master,Clones all your repositories to local machine,False,8,ghaiklor/backup-my-github,Shell,backup-my-github,8.0,1,ghaiklor,User,3,89,3.0,https://api.github.com/repos/ghaiklor/backup-my-github,89,89
2018-06-04,Gitea: Git with a cup of tea,Go,297,5,7435,repeat_repo,False,1477966406,1550936917,master,"Git with a cup of tea, painless self-hosted git service",False,1328,go-gitea/gitea,Go,gitea,1328.0,907,go-gitea,Organization,127135,12514,422.0,https://api.github.com/repos/go-gitea/gitea,12514,12514
2018-06-02,OneDrive Client with Two-way Synchronizing Feature,Python,10,0,22,new_repo,False,1527940161,1550936896,master,OneDrive Client with Two-way Synchronizing Feature,False,2,gzxu/onedrive-sync-client,Python,onedrive-sync-client,2.0,4,gzxu,User,92,47,1.0,https://api.github.com/repos/gzxu/onedrive-sync-client,47,47
2018-06-09,World Models Experiments,Jupyter Notebook,25,0,31,new_repo,False,1527816491,1550936986,master,World Models Experiments,False,58,hardmaru/WorldModelsExperiments,Jupyter Notebook,WorldModelsExperiments,58.0,5,hardmaru,User,21515,241,8.0,https://api.github.com/repos/hardmaru/WorldModelsExperiments,241,241
2018-06-08,PyTorch0.4 tutorial of: actor critic / proximal policy optimization / acer / ddpg / twin dueling ddpg / soft actor critic / generative adversarial imitation learning / hindsight experience replay,Jupyter Notebook,471,0,916,first_time,False,1527374863,1550936972,master,PyTorch0.4 implementation of: actor critic / proximal policy optimization / acer / ddpg / twin dueling ddpg / soft actor critic / generative adversarial imitation learning / hindsight experience replay,False,187,higgsfield/RL-Adventure-2,Jupyter Notebook,RL-Adventure-2,187.0,6,higgsfield,User,347,1607,73.0,https://api.github.com/repos/higgsfield/RL-Adventure-2,1607,1607
2018-06-07,Love 'em or leave 'em.,,10,0,12,new_repo,False,1528368176,1550936965,master,Love 'em or leave 'em.,False,0,ianchanning/awesome-github-alternatives,,awesome-github-alternatives,0.0,1,ianchanning,User,10,48,6.0,https://api.github.com/repos/ianchanning/awesome-github-alternatives,48,48
2018-06-04,A tiny WordPress theme focused on being as sustainable as possible. https://sustywp.com,PHP,10,0,13,new_repo,False,1528102925,1550936914,master,ğŸŒ A tiny WordPress theme focused on being as  sustainable as possible. https://sustywp.com,False,60,jacklenox/susty,PHP,susty,60.0,5,jacklenox,User,63,614,56.0,https://api.github.com/repos/jacklenox/susty,614,614
2018-06-10,Stringify JSON *just enough* to see what it is,JavaScript,9,0,10,new_repo,False,1528595409,1550937005,master,Stringify JSON *just enough* to see what it is,False,0,jamiebuilds/json-peek,JavaScript,json-peek,0.0,0,jamiebuilds,User,27,30,2.0,https://api.github.com/repos/jamiebuilds/json-peek,30,30
2018-06-01,Simple stubbing/spying for Ava,JavaScript,8,0,10,new_repo,False,1527882700,1550936871,master,Simple stubbing/spying for AVA,False,1,jamiebuilds/ninos,JavaScript,ninos,1.0,0,jamiebuilds,User,39,82,3.0,https://api.github.com/repos/jamiebuilds/ninos,82,82
2018-06-10,Cast unknown values to typed values,JavaScript,10,0,14,new_repo,False,1528661123,1550937002,master,Cast unknown values to typed values,False,3,jamiebuilds/sarcastic,JavaScript,sarcastic,3.0,2,jamiebuilds,User,41,61,3.0,https://api.github.com/repos/jamiebuilds/sarcastic,61,61
2018-06-01,IPSRC helps you find your server from anywhere.,Python,9,0,11,new_repo,False,1527866294,1550936869,master,IPSRC helps you find your server from anywhere.,False,5,jmercouris/IPSRC,Python,IPSRC,5.0,0,jmercouris,User,19,40,5.0,https://api.github.com/repos/jmercouris/IPSRC,40,40
2018-06-10,A modern deep learning framework built to accelerate research and development of AI systems,Python,19,0,29,new_repo,False,1528632756,1550936997,master,A modern deep learning framework built to accelerate research and development of AI systems,False,24,johnolafenwa/TorchFusion,Python,TorchFusion,24.0,1,johnolafenwa,User,1181,205,16.0,https://api.github.com/repos/johnolafenwa/TorchFusion,205,205
2018-06-03,React Application Manager: create and run React applications â€“ no command line or build setup required,JavaScript,38,0,66,new_repo,False,1528036342,1550936900,master,:atom_symbol: React Application Manager: create and run React (and other) applications â€“ no command line or build setup required,False,28,jxnblk/ram,JavaScript,ram,28.0,9,jxnblk,User,2968,577,17.0,https://api.github.com/repos/jxnblk/ram,577,577
2018-06-01,Reference implementations of popular deep learning models.,Python,11,0,15,new_repo,False,1527879618,1550936866,master,Reference implementations of popular deep learning models.,False,229,keras-team/keras-applications,Python,keras-applications,229.0,16,keras-team,Organization,416,696,35.0,https://api.github.com/repos/keras-team/keras-applications,696,696
2018-06-11,A powerful UI toolkit for managing JavaScript apps,JavaScript,424,4,1811,repeat_repo,False,1527940437,1550936970,master,A powerful UI toolkit for managing JavaScript apps,False,143,kitze/JSUI,JavaScript,JSUI,143.0,33,kitze,User,872,3701,76.0,https://api.github.com/repos/kitze/JSUI,3701,3701
2018-06-01,Enable `media` attribute on Vue SFC styles,TypeScript,11,0,13,new_repo,False,1527842871,1550936865,master,Enable `media` attribute on Vue SFC styles,False,1,ktsn/vue-media-loader,TypeScript,vue-media-loader,1.0,0,ktsn,User,154,43,1.0,https://api.github.com/repos/ktsn/vue-media-loader,43,43
2018-06-06,The open-source files comprising Leap Motion's Project North Star AR Headset.,C,108,0,127,new_repo,False,1528160443,1550936944,master,The open-source files comprising Leap Motion's Project North Star AR Headset.,False,129,leapmotion/ProjectNorthStar,C,ProjectNorthStar,129.0,20,leapmotion,Organization,214329,761,185.0,https://api.github.com/repos/leapmotion/ProjectNorthStar,761,761
2018-06-03,Defining a grammar of tables,,32,0,39,new_repo,False,1528022518,1550936901,master,Defining a grammar of tables,False,4,leeper/tttable,,tttable,4.0,9,leeper,User,49,93,14.0,https://api.github.com/repos/leeper/tttable,93,93
2018-06-08,"This is the code for ""Modeling Evolution with Tensorflow.js"" By Siraj Raval",JavaScript,15,0,17,new_repo,False,1528480764,1550936976,master,"This is the code for ""Modeling Evolution with Tensorflow.js"" By Siraj Raval",False,30,llSourcell/Modeling_Evolution_with_TensorflowJS,JavaScript,Modeling_Evolution_with_TensorflowJS,30.0,0,llSourcell,User,1153,81,1.0,https://api.github.com/repos/llSourcell/Modeling_Evolution_with_TensorflowJS,81,81
2018-06-01,"This is the code for ""Webcam Tracking with Tensorflow.js"" By Siraj Raval on Youtube",TypeScript,35,0,39,new_repo,False,1527844470,1550936859,master,"This is the code for ""Webcam Tracking with Tensorflow.js"" By Siraj Raval on Youtube",False,64,llSourcell/pose_estimation,TypeScript,pose_estimation,64.0,5,llSourcell,User,3773,221,16.0,https://api.github.com/repos/llSourcell/pose_estimation,221,221
2018-06-03,"This is the code for ""World Models Explained"" By Siraj Raval on Youtube",Python,19,0,20,new_repo,False,1528003618,1550936902,master,"This is the code for ""World Models Explained"" By Siraj Raval on Youtube",False,21,llSourcell/world_models,Python,world_models,21.0,1,llSourcell,User,5173,69,4.0,https://api.github.com/repos/llSourcell/world_models,69,69
2018-06-01,A native iOS & macOS IDE for the Cub programming language,Swift,26,0,32,new_repo,False,1527835290,1550936860,master,A native iOS & macOS IDE for the Cub programming language,False,2,louisdh/savanna,Swift,savanna,2.0,0,louisdh,User,2914,59,2.0,https://api.github.com/repos/louisdh/savanna,59,59
2018-06-07,"Semantic segmentation on aerial and satellite imagery. Extracts features such as: buildings, parking lots, roads, water",Python,28,0,30,new_repo,False,1528375353,1550936958,master," Semantic segmentation on aerial and satellite imagery. Extracts features such as: buildings, parking lots, roads, water, clouds",False,149,mapbox/robosat,Python,robosat,149.0,40,mapbox,Organization,1257,1189,145.0,https://api.github.com/repos/mapbox/robosat,1189,1189
2018-06-08,Give Github some XP flair ğŸ”¥,,296,0,2253,repeat_repo,False,1528101136,1550936908,master,Give Github some XP flair ğŸ”¥,False,78,martenbjork/github-xp,,github-xp,78.0,11,martenbjork,User,840,2736,27.0,https://api.github.com/repos/martenbjork/github-xp,2736,2736
2018-06-07,Code for the generative projection mapped animations during JSConf EU 2018 in Berlin.,JavaScript,21,0,31,new_repo,False,1525863487,1550936959,master,Code for the generative projection mapped animations during JSConf EU 2018 in Berlin.,False,20,mattdesl/jsconfeu-generative-visuals,JavaScript,jsconfeu-generative-visuals,20.0,0,mattdesl,User,61899,330,7.0,https://api.github.com/repos/mattdesl/jsconfeu-generative-visuals,330,330
2018-06-10,"""Good Luck With That"" Public License",,137,0,2440,repeat_repo,False,1528272637,1550936941,master,"""Good Luck With That"" Public License",False,137,me-shaon/GLWTPL,,GLWTPL,137.0,4,me-shaon,User,2413,3631,46.0,https://api.github.com/repos/me-shaon/GLWTPL,3631,3631
2018-06-02,"Fast (up to 6x faster than golint), configurable, extensible, flexible, and beautiful linter for Go. Drop-in replacement of golint.",Go,205,0,659,first_time,False,1499186192,1550936889,master,"ğŸ”¥ ~6x faster, stricter, configurable, extensible, and beautiful drop-in replacement for golint.",False,57,mgechev/revive,Go,revive,57.0,4,mgechev,User,4166,1537,29.0,https://api.github.com/repos/mgechev/revive,1537,1537
2018-06-06,lossless-compression,,14,0,15,new_repo,False,1528265523,1550936950,master,lossless-compression,False,3,microsoftbuyinggithub/lossless-compression,,lossless-compression,3.0,1,microsoftbuyinggithub,User,5,17,4.0,https://api.github.com/repos/microsoftbuyinggithub/lossless-compression,17,17
2018-06-07,Create your own universe of packages a la tidyverse.,R,14,0,15,new_repo,False,1528395317,1550936964,master,ğŸ“¦ğŸ”­ğŸŒ  Create your own universe of packages Ã  la tidyverse,False,4,mkearney/pkgverse,R,pkgverse,4.0,5,mkearney,User,1030,94,4.0,https://api.github.com/repos/mkearney/pkgverse,94,94
2018-06-10,æ¯å¤©å¤§çº¢åŒ… Â· æœåŠ¡ç«¯,Java,11,0,17,new_repo,False,1528621867,1550937000,master,æ¯å¤©å¤§çº¢åŒ… Â· æœåŠ¡ç«¯,False,84,mtdhb/api,Java,api,84.0,1,mtdhb,Organization,700,97,7.0,https://api.github.com/repos/mtdhb/api,97,97
2018-06-10,æ¯å¤©å¤§çº¢åŒ… Â· é¢†å–ç«¯,JavaScript,12,0,16,new_repo,False,1528621344,1550936999,master,æ¯å¤©å¤§çº¢åŒ… Â· é¢†å–ç«¯,False,69,mtdhb/get,JavaScript,get,69.0,0,mtdhb,Organization,201,65,6.0,https://api.github.com/repos/mtdhb/get,65,65
2018-06-09,Program Synthesis,Jupyter Notebook,8,0,14,new_repo,False,1516645188,1550936991,master,Program Synthesis,False,9,nearai/program_synthesis,Jupyter Notebook,program_synthesis,9.0,2,nearai,Organization,861,76,10.0,https://api.github.com/repos/nearai/program_synthesis,76,76
2018-06-11,An OPML file with 22 of the top 25 US newspapers RSS feeds,,19,0,21,new_repo,False,1528686547,1550937018,master,An OPML file with 22 of the top 25 US newspapers RSS feeds,False,3,newman8r/us-newspapers-opml,,us-newspapers-opml,3.0,0,newman8r,User,14,37,3.0,https://api.github.com/repos/newman8r/us-newspapers-opml,37,37
2018-06-09,local offline p2p social git frontend,JavaScript,15,0,19,new_repo,False,1528505485,1550936987,master,local offline p2p social git frontend,False,3,noffle/gitverse,JavaScript,gitverse,3.0,1,noffle,User,149,47,8.0,https://api.github.com/repos/noffle/gitverse,47,47
2018-06-06,An Xcode playground demonstrating the new features in in Swift 4.2.,Swift,28,0,45,new_repo,False,1528313423,1550936947,master,An Xcode playground demonstrating the new features in in Swift 4.2.,False,44,ole/whats-new-in-swift-4-2,Swift,whats-new-in-swift-4-2,44.0,0,ole,User,329,921,27.0,https://api.github.com/repos/ole/whats-new-in-swift-4-2,921,921
2018-06-11,"Code and model for the paper ""Improving Language Understanding by Generative Pre-Training""",Python,51,0,84,new_repo,False,1528697080,1550937011,master,"Code and model for the paper ""Improving Language Understanding by Generative Pre-Training""",False,269,openai/finetune-transformer-lm,Python,finetune-transformer-lm,269.0,20,openai,Organization,423329,1140,66.0,https://api.github.com/repos/openai/finetune-transformer-lm,1140,1140
2018-06-08,LAVA: Large-scale Automated Vulnerability Addition,TeX,10,0,14,new_repo,False,1528481183,1550936983,master,LAVA: Large-scale Automated Vulnerability Addition,False,18,panda-re/lava,C++,lava,18.0,8,panda-re,Organization,56851,133,18.0,https://api.github.com/repos/panda-re/lava,133,133
2018-06-10,An open source platform for reproducible machine learning at scale,Python,123,3,1263,repeat_repo,False,1482756527,1550937006,master,A platform for reproducible and scalable machine learning and deep learning on kubernetes,False,158,polyaxon/polyaxon,Python,polyaxon,158.0,82,polyaxon,Organization,31667,1828,57.0,https://api.github.com/repos/polyaxon/polyaxon,1828,1828
2018-06-01,low effort jb,C,11,0,21,new_repo,False,1527852690,1550936864,master,low effort jb,False,37,potmdehex/multipath_kfree,C,multipath_kfree,37.0,5,potmdehex,User,74,133,19.0,https://api.github.com/repos/potmdehex/multipath_kfree,133,133
2018-06-07,A Qt and C++ GUI for radare2 reverse engineering framework,C++,668,0,2501,first_time,False,1506333051,1550936954,master,A Qt and C++ GUI for radare2 reverse engineering framework,False,351,radareorg/cutter,C++,cutter,351.0,139,radareorg,Organization,9401,4228,185.0,https://api.github.com/repos/radareorg/cutter,4228,4228
2018-06-08,ğŸ¦â€¢ [Work in Progress] React Renderer to build UI interfaces using canvas/WebGL,JavaScript,285,0,571,first_time,False,1527800093,1550936949,master,ğŸ¦â€¢ [Work in Progress] React Renderer to build UI interfaces using canvas/WebGL,False,32,raphamorim/react-ape,JavaScript,react-ape,32.0,8,raphamorim,User,10424,1016,28.0,https://api.github.com/repos/raphamorim/react-ape,1016,1016
2018-06-08,color lookup tables (LUTs) for color grading,C++,14,0,14,new_repo,False,1528450819,1550936977,master,color lookup tables (LUTs) for color grading,False,3,ray-cast/lut,C++,lut,3.0,0,ray-cast,User,452,31,2.0,https://api.github.com/repos/ray-cast/lut,31,31
2018-06-10,A curated list of project-based tutorials in C,,98,0,1493,repeat_repo,False,1522755321,1550936956,master,A curated list of project-based tutorials in C,False,263,rby90/Project-Based-Tutorials-in-C,,Project-Based-Tutorials-in-C,263.0,0,rby90,User,66,2412,151.0,https://api.github.com/repos/rby90/Project-Based-Tutorials-in-C,2412,2412
2018-06-02,Observe the Rect of a DOM Element,HTML,29,0,33,new_repo,False,1527923069,1550936891,master,Observe the Rect of a DOM Element,False,5,reach/observe-rect,HTML,observe-rect,5.0,3,reach,Organization,911,254,4.0,https://api.github.com/repos/reach/observe-rect,254,254
2018-06-06,A Kotlin script that nukes all build caches from Gradle/Android projects. Useful when Gradle or the IDE let you down ğŸ’”,Kotlin,13,0,14,new_repo,False,1528286794,1550936951,master,A Kotlin script that nukes all build caches from Gradle/Android projects. Useful when Gradle or the IDE let you down ğŸ’”,False,10,rock3r/deep-clean,Kotlin,deep-clean,10.0,2,rock3r,User,109,288,5.0,https://api.github.com/repos/rock3r/deep-clean,288,288
2018-06-11,Learning operating system development using Linux kernel and Raspberry Pi,C,1152,5,3338,repeat_repo,False,1498147776,1550936953,master,Learning operating system development using Linux kernel and Raspberry Pi,False,424,s-matyukevich/raspberry-pi-os,C,raspberry-pi-os,424.0,11,s-matyukevich,User,1578,6062,351.0,https://api.github.com/repos/s-matyukevich/raspberry-pi-os,6062,6062
2018-06-03,Character Animation in Unity3D using Deep Learning and Biologically-Inspired Artificial Intelligence,C#,204,2,721,repeat_repo,False,1501107635,1550936890,master,Character Animation in Unity 3D using Deep Learning and Artificial Intelligence,False,192,sebastianstarke/AI4Animation,C++,AI4Animation,192.0,3,sebastianstarke,User,2156905,1377,162.0,https://api.github.com/repos/sebastianstarke/AI4Animation,1377,1377
2018-06-04,I wish that too!,JavaScript,10,0,10,new_repo,False,1526158826,1550936915,master,I wish that too!,False,0,singhpratyush/wishqus,JavaScript,wishqus,0.0,1,singhpratyush,User,223,15,1.0,https://api.github.com/repos/singhpratyush/wishqus,15,15
2018-06-07,Permit to scroll a ReactNative View into the visible screen. Simple port of DOMElement.scrollIntoView() function,JavaScript,9,0,10,new_repo,False,1528381354,1550936968,master,Permit to scroll a ReactNative View into the visible screen. Simple port of DOMElement.scrollIntoView() function,False,1,slorber/react-native-scroll-into-view,TypeScript,react-native-scroll-into-view,1.0,2,slorber,User,394,84,4.0,https://api.github.com/repos/slorber/react-native-scroll-into-view,84,84
2018-06-05,Zip Slip Vulnerability (Arbitrary file write through archive extraction),,42,0,55,new_repo,False,1524044865,1550936928,master,Zip Slip Vulnerability (Arbitrary file write through archive extraction),False,48,snyk/zip-slip-vulnerability,,zip-slip-vulnerability,48.0,6,snyk,Organization,82,302,44.0,https://api.github.com/repos/snyk/zip-slip-vulnerability,302,302
2018-06-03,"Convert a pull-stream into an AsyncIterable, and use for-await-of",JavaScript,9,0,9,new_repo,False,1528028421,1550936905,master,"Convert a pull-stream into an AsyncIterable, and use for-await-of",False,0,staltz/pull-awaitable,JavaScript,pull-awaitable,0.0,1,staltz,User,2,19,2.0,https://api.github.com/repos/staltz/pull-awaitable,19,19
2018-06-05,Free football data from StatsBomb,,15,0,16,new_repo,False,1528201690,1550936933,master,Free football data from StatsBomb,False,78,statsbomb/open-data,,open-data,78.0,3,statsbomb,Organization,173404,205,57.0,https://api.github.com/repos/statsbomb/open-data,205,205
2018-06-04,ğŸ–¼ï¸ An Almost Ideal React Image Component,JavaScript,334,3,1428,repeat_repo,False,1526845131,1550936886,master,ğŸ–¼ï¸ An Almost Ideal React Image Component,False,72,stereobooster/react-ideal-image,JavaScript,react-ideal-image,72.0,31,stereobooster,User,39294,2915,32.0,https://api.github.com/repos/stereobooster/react-ideal-image,2915,2915
2018-06-10,A simple HTTP(S) and DNS Canary Slackbot,Go,16,0,21,new_repo,False,1528600709,1550936998,master,A simple HTTP(S) and DNS Canary Slackbot,False,5,sudosammy/knary,Go,knary,5.0,0,sudosammy,User,199,67,5.0,https://api.github.com/repos/sudosammy/knary,67,67
2018-06-03,a cheatsheet for react users using typescript with react for the first (or nth!) time,,244,0,357,first_time,False,1527912496,1550936899,master,a cheatsheet for react users using typescript with react for the first (or nth!) time ,False,176,sw-yx/react-typescript-cheatsheet,,react-typescript-cheatsheet,176.0,21,sw-yx,User,371,3887,79.0,https://api.github.com/repos/sw-yx/react-typescript-cheatsheet,3887,3887
2018-06-04,a simplified machine learning container platform that helps teams get started with an automated workflow,Go,21,0,30,new_repo,False,1527296523,1550936909,master,a simplified machine learning container platform that helps teams get started with an automated workflow,False,1,taskfitio/dama,Go,dama,1.0,0,taskfitio,Organization,4164,69,3.0,https://api.github.com/repos/taskfitio/dama,69,69
2018-06-05,TernausNetV2: Fully Convolutional Network for Instance Segmentation,Jupyter Notebook,20,0,30,new_repo,False,1527967443,1550936931,master,TernausNetV2: Fully Convolutional Network for Instance Segmentation,False,77,ternaus/TernausNetV2,Jupyter Notebook,TernausNetV2,77.0,13,ternaus,User,6359,391,20.0,https://api.github.com/repos/ternaus/TernausNetV2,391,391
2018-06-11,Algorithms and data structures implemented in JavaScript with explanations and links to further readings,JavaScript,376,21,21883,repeat_repo,False,1521877624,1550936875,master,ğŸ“ Algorithms and data structures implemented in JavaScript with explanations and links to further readings,False,6132,trekhleb/javascript-algorithms,JavaScript,javascript-algorithms,6132.0,85,trekhleb,User,2391,45160,1910.0,https://api.github.com/repos/trekhleb/javascript-algorithms,45160,45160
2018-06-11,Platforms you may use to promote your next startup,,23,0,23,new_repo,False,1528690318,1550937015,master,ğŸš€ Free resources you may use to promote your next startup,False,26,trekhleb/promote-your-next-startup,,promote-your-next-startup,26.0,0,trekhleb,User,96,211,20.0,https://api.github.com/repos/trekhleb/promote-your-next-startup,211,211
2018-06-08,Clojure scheduled execution via Quartz / Integrant,Clojure,13,0,15,new_repo,False,1528084392,1550936979,master,Clojure scheduled execution via Quartz / Integrant,False,1,troy-west/cronut,Clojure,cronut,1.0,4,troy-west,Organization,53,41,8.0,https://api.github.com/repos/troy-west/cronut,41,41
2018-06-11,Curated list of project-based tutorials,,245,0,9833,repeat_repo,False,1491973666,1550936993,master,Curated list of project-based tutorials,False,2940,tuvtran/project-based-learning,,project-based-learning,2940.0,29,tuvtran,User,301,18561,993.0,https://api.github.com/repos/tuvtran/project-based-learning,18561,18561
2018-06-01,é«˜è´¨é‡ç§»åŠ¨ç«¯UIæ¡†æ¶ã€‚å®˜ç½‘ï¼šhttps://www.touchui.io,JavaScript,167,2,662,repeat_repo,False,1524215732,1550936885,master,é«˜è´¨é‡ç§»åŠ¨ç«¯UIæ¡†æ¶ã€‚å®˜ç½‘ï¼šhttps://www.wetouch.net,False,139,uileader/touchui,JavaScript,touchui,139.0,21,uileader,User,9711,1241,46.0,https://api.github.com/repos/uileader/touchui,1241,1241
2018-06-06,GitHub has sold us out. This is the GitHub Evacuation Center.,,702,0,3997,repeat_repo,False,1527912359,1550936898,master,GitHub has sold us out. Time to get out.,False,90,upend/IF_MS_BUYS_GITHUB_IMMA_OUT,,IF_MS_BUYS_GITHUB_IMMA_OUT,90.0,43,upend,Organization,381,4069,164.0,https://api.github.com/repos/upend/IF_MS_BUYS_GITHUB_IMMA_OUT,4069,4069
2018-06-02,"ğŸ–– A progressive, incrementally-adoptable JavaScript framework for building UI on the web.",JavaScript,106,87,96261,repeat_repo,False,1375068291,1550936897,dev,"ğŸ–– Vue.js is a progressive, incrementally-adoptable JavaScript framework for building UI on the web.",False,18323,vuejs/vue,JavaScript,vue,18323.0,230,vuejs,Organization,26844,128652,5780.0,https://api.github.com/repos/vuejs/vue,128652,128652
2018-06-05,a CLI for Amazon EKS,Go,12,0,20,new_repo,False,1527064863,1550936937,master,a CLI for Amazon EKS,False,147,weaveworks/eksctl,Go,eksctl,147.0,123,weaveworks,Organization,25050,961,51.0,https://api.github.com/repos/weaveworks/eksctl,961,961
2018-06-11,a JavaScript library which is built to easily customize and use the SVG Icons with a blaze.,JavaScript,439,0,582,first_time,False,1528655180,1550937007,master,a JavaScript library which is built to easily customize and use the SVG Icons with a blaze.,False,54,webkul/vivid,JavaScript,vivid,54.0,15,webkul,User,1300,1611,27.0,https://api.github.com/repos/webkul/vivid,1611,1611
2018-06-01,Collection of elements that appear hand drawn. Great for wireframes.,JavaScript,193,9,4566,repeat_repo,False,1503900723,1550936884,master,Collection of elements that appear hand drawn. Great for wireframes.,False,215,wiredjs/wired-elements,JavaScript,wired-elements,215.0,23,wiredjs,Organization,541,6557,121.0,https://api.github.com/repos/wiredjs/wired-elements,6557,6557
2018-06-11,å‰ç«¯è½»é‡çº§HTMLæ¨¡æ¿å¼•æ“ï¼Œ100è¡Œä»£ç ï¼Œä¸é™äºåµŒå¥—ã€å¾ªç¯ã€å‡½æ•°ä½ èƒ½æƒ³åˆ°çš„è§£ææ–¹å¼ï¼,JavaScript,29,0,37,new_repo,False,1528676494,1550937013,master,å‰ç«¯è½»é‡çº§HTMLæ¨¡æ¿å¼•æ“ï¼Œ100è¡Œä»£ç ï¼Œä¸é™äºåµŒå¥—ã€å¾ªç¯ã€å‡½æ•°ä½ èƒ½æƒ³åˆ°çš„è§£ææ–¹å¼ï¼,False,2,xiangyuecn/BuildHTML,JavaScript,BuildHTML,2.0,0,xiangyuecn,User,20,46,2.0,https://api.github.com/repos/xiangyuecn/BuildHTML,46,46
2018-06-06,åç«¯æ¶æ„å¸ˆæŠ€æœ¯å›¾è°±,,377,0,19050,repeat_repo,False,1523021458,1550936920,master,åç«¯æ¶æ„å¸ˆæŠ€æœ¯å›¾è°±,False,8462,xingshaocheng/architect-awesome,,architect-awesome,8462.0,29,xingshaocheng,User,382,28700,2343.0,https://api.github.com/repos/xingshaocheng/architect-awesome,28700,28700
2018-06-08,ç­–åˆ’çº¿ä¸Šç¼–ç¨‹æ•™å­¦é¡¹ç›®,,10,0,13,new_repo,False,1528433631,1550936981,master,ç­–åˆ’çº¿ä¸Šç¼–ç¨‹æ•™å­¦é¡¹ç›®,False,3,xugy0926/planning-programming-teaching,,planning-programming-teaching,3.0,0,xugy0926,User,1,19,3.0,https://api.github.com/repos/xugy0926/planning-programming-teaching,19,19
2018-06-02,å¾®ä¿¡å¥½å‹ä¿¡æ¯åˆ†æå¹¶å¯è§†åŒ–ä»¥åŠè‡ªåŠ¨å›å¤å¾®ä¿¡æ¶ˆæ¯,Python,10,0,17,new_repo,False,1527931645,1550936894,master,å¾®ä¿¡å¥½å‹ä¿¡æ¯åˆ†æå¹¶å¯è§†åŒ–ä»¥åŠè‡ªåŠ¨å›å¤å¾®ä¿¡æ¶ˆæ¯,False,240,yangxuanxc/wechat_friends,Python,wechat_friends,240.0,19,yangxuanxc,User,5040,794,39.0,https://api.github.com/repos/yangxuanxc/wechat_friends,794,794
2018-06-01,Present with Vue,JavaScript,26,0,30,new_repo,False,1525038776,1550936861,master,Present with Vue,False,5,znck/keynote,JavaScript,keynote,5.0,3,znck,User,5729,232,6.0,https://api.github.com/repos/znck/keynote,232,232
